OrderID,Variant
l34y-llzc,Variant1
ynlx-4mlq,Variant2
tmuj-ydpw,Variant1
tmuj-s2nu,Variant1
xl3i-0125,Variant1
of4n-7vn5,Variant1
nyx0-4fks,Variant1
jaa2-quxb,Variant1
hq8q-u4k6,Variant1
hhzb-xlft,Variant1
hhzb-fhko,Variant1
hhzb-1zw5,Variant1
fi5m-7qbz,Variant2
t7hj-44ej,Variant1
ipvm-r7mb,Variant2
kcdg-6smt,Variant2
of4n-n0mq,Variant2
ipvm-00bk,Variant2
db6d-79pc,Variant2
t7hj-wo2n,Variant1
m261-jmv0,Variant2
ipvm-owgf,Variant2
jx3h-hawu,Variant1
ynlx-bu5g,Variant2
l41n-1uq3,Variant2
a1gt-8ud1,Variant2
pwda-sr6l,Variant1
xl3i-yh6c,Variant0
ynlx-e3vj,Variant0
a12d-hgee,Variant0
qp0h-8grv,Variant0
nyx0-tl2o,Variant0
ynlx-qz8c,Variant1
a12d-kj58,Variant0
ipvm-c3zg,Variant0
qze4-l80x,Variant1
db6d-ama9,Variant0
ipvm-5kww,Variant0
oluq-q3xa,Variant0
u443-f0yt,Variant0
ipvm-a1d0,Variant0
ynlx-8mwv,Variant2
auk3-sp3v,Variant2
ynlx-310c,Variant1
syxn-ri5q,Variant0
tmuj-s8i7,Variant2
fi5m-6gp3,Variant2
lz4w-9z40,Variant2
fjhs-m4br,Variant2
t7hj-p2m9,Variant2
tcsd-q7jv,Variant2
gn09-5a4i,Variant2
ynlx-ol9x,Variant2
a12d-z8e2,Variant2
ou5i-e40m,Variant2
ot24-dqfu,Variant2
fjhs-6anu,Variant2
ynlx-yhit,Variant0
hq8q-lah8,Variant0
l34y-zqs8,Variant0
l34y-0vx2,Variant0
gn09-sonu,Variant0
u4kq-ihf5,Variant0
gn09-u6s1,Variant0
ipvm-zpf4,Variant0
pysg-20d5,Variant1
qze4-2u8q,Variant0
ou1n-76ec,Variant0
ynlx-kqq4,Variant0
gn09-1vf3,Variant0
pxfv-4ysd,Variant0
gn09-dntx,Variant0
ewma-yaii,Variant0
mo2h-4n54,Variant0
ynlx-x2v6,Variant0
oluq-u5jv,Variant0
k2b4-8wtf,Variant1
y1q5-28vr,Variant1
pxfv-n9kn,Variant1
tmuj-4j0v,Variant1
iin9-mp61,Variant1
ipvm-5mk3,Variant1
tcsd-cptl,Variant1
yiiv-ffwg,Variant1
fjhs-vddv,Variant1
ynlx-vq9v,Variant1
ipvm-byqa,Variant1
wpf8-w4v5,Variant1
u443-j6hw,Variant1
yiiv-q7rk,Variant2
n9hc-6tc7,Variant0
syxn-dqrt,Variant0
gn09-a7ba,Variant2
wpf8-2ery,Variant2
of4n-ysuh,Variant0
kcdg-tnsm,Variant2
qze4-6njo,Variant2
iin9-6dgk,Variant0
pxfv-uh2k,Variant0
gn09-w2c2,Variant2
pxfv-hayy,Variant0
ipvm-c2iu,Variant0
hq8q-g8vf,Variant0
gn09-csdf,Variant1
wq69-rhhi,Variant1
ipvm-nmdm,Variant2
auk3-fno8,Variant2
t22l-i20n,Variant2
nods-l9cz,Variant2
p5mq-ty5q,Variant0
wpf8-4yve,Variant0
ipvm-wrgr,Variant0
l34y-4cwg,Variant1
ipvm-slgv,Variant1
ughe-9pqd,Variant1
a12d-s5jc,Variant1
ipvm-ha5n,Variant2
n2v9-xx5j,Variant2
bx1o-s1x6,Variant2
n2v9-pi0i,Variant0
ou1n-83l8,Variant2
ou1n-nlz9,Variant2
mvza-dh5d,Variant2
hq8q-6v1y,Variant2
ipvm-1i1j,Variant2
qze4-1m1q,Variant0
a12d-x2tv,Variant0
ynlx-rzlr,Variant1
ipvm-j94i,Variant2
wpf8-h5ph,Variant2
pxfv-2uox,Variant2
pwda-ik8k,Variant2
qze4-7k8j,Variant0
yiiv-li9z,Variant0
mo2h-qa6k,Variant2
pxfv-95lk,Variant2
u4kq-0d4p,Variant2
ipvm-207m,Variant1
syxn-szam,Variant2
dipl-zj8t,Variant1
qp0h-85r8,Variant1
kns3-93fz,Variant1
z7n9-t3p2,Variant0
l34y-38nv,Variant2
n9hc-f1j0,Variant0
q0qp-mauw,Variant0
fi5m-lz6u,Variant2
htxd-nk7n,Variant0
nyx0-n6ep,Variant2
q0qp-qxi5,Variant0
a1gt-xcem,Variant2
a1gt-67rw,Variant0
mk5p-khom,Variant2
ipvm-451m,Variant2
zwn2-sthn,Variant0
tmuj-2k9d,Variant0
pwda-nn8h,Variant0
tmuj-3b3t,Variant0
d371-8lp2,Variant0
hq8q-scg0,Variant0
tmuj-drgf,Variant0
ipvm-kusi,Variant1
ipvm-76dn,Variant1
ipvm-8s3f,Variant1
iin9-s8ab,Variant1
ihxs-shg6,Variant1
a1v9-2x6y,Variant1
ynlx-wkhd,Variant1
ipvm-icjj,Variant1
tmuj-y5kd,Variant1
a1gt-cp1i,Variant0
ou1n-2w68,Variant0
kcdg-fslh,Variant0
wpf8-6een,Variant0
pxfv-eflz,Variant0
iin9-2jr4,Variant0
dm3y-xhj0,Variant2
ynlx-3tms,Variant0
ynlx-9eay,Variant2
of4n-z07w,Variant0
sak8-p2cg,Variant0
gn09-4qkf,Variant0
ipvm-lgrv,Variant1
ynlx-18mg,Variant0
n2v9-je6z,Variant1
kns3-ovwg,Variant2
ou1n-9xx2,Variant2
kns3-ivds,Variant2
z7n9-rdyi,Variant2
kns3-xcby,Variant2
z7n9-taj4,Variant2
t7hj-bxnj,Variant1
hdhg-7lnz,Variant1
htxd-wdf6,Variant1
ou5i-t171,Variant1
ot24-nlo7,Variant1
m261-jea1,Variant1
pwda-7sp4,Variant0
tmuj-ri46,Variant2
ou1n-bqn0,Variant1
gn09-q76h,Variant1
of4n-qzct,Variant2
a1gt-u8qj,Variant2
pxfv-2ihf,Variant2
tmuj-libe,Variant2
ipvm-45xc,Variant2
mo2h-o8d3,Variant2
ou1n-msnt,Variant2
nyx0-tg7l,Variant0
rt5l-ewvn,Variant0
nyx0-8ygj,Variant0
qze4-q3g2,Variant2
nyx0-xfrf,Variant2
j80i-l8xx,Variant0
pxfv-s9pn,Variant0
pxfv-rehl,Variant0
d371-mua7,Variant0
kcdg-9776,Variant0
ipvm-hjlg,Variant0
ipvm-9463,Variant0
zejd-bt9s,Variant0
qze4-gh8z,Variant0
kcdg-56fz,Variant0
a12d-twsh,Variant0
c6b0-gvgb,Variant0
htxd-7d43,Variant0
t7hj-3k6o,Variant0
hvsc-7g8q,Variant0
pxfv-dxbm,Variant0
gn09-s1ip,Variant0
kcdg-nvyk,Variant0
gn09-zhii,Variant0
qore-0yi5,Variant1
pxfv-7tfa,Variant2
kcdg-zzev,Variant1
pxfv-jq4s,Variant2
ynlx-24td,Variant1
kns3-0yb1,Variant2
n9hc-sdlx,Variant2
kns3-ysz5,Variant2
htxd-4jre,Variant1
htxd-aeze,Variant1
kns3-56b1,Variant2
t7hj-2kab,Variant1
yiiv-0ld6,Variant2
qze4-ohsn,Variant1
fjhs-iz03,Variant1
q0qp-pzdk,Variant1
q0qp-tk7k,Variant1
ipvm-b0wc,Variant2
prfu-v2hq,Variant1
zwn2-20z7,Variant2
nyds-jmu8,Variant1
auk3-zgvw,Variant1
n9hc-nctw,Variant2
ipvm-j91d,Variant0
ipvm-z3ax,Variant0
c6b0-952q,Variant1
ynlx-c1be,Variant0
auk3-e6tz,Variant1
l34y-z8e5,Variant0
a1gt-nj6v,Variant1
n9hc-lip2,Variant1
ipvm-sy5h,Variant0
l08c-1ryz,Variant0
ot24-fi85,Variant1
rt5l-cj0w,Variant1
ipvm-3ein,Variant1
wq69-w6fw,Variant0
auk3-s6c9,Variant2
ou1n-0ahj,Variant1
ipvm-8g4b,Variant1
ot24-fg47,Variant1
prfu-ma8u,Variant0
c6b0-dumg,Variant1
fjhs-9w6z,Variant0
pxfv-ax8s,Variant0
kcdg-zouu,Variant0
prfu-kguj,Variant0
kcdg-w2y2,Variant0
n9hc-929x,Variant1
nyx0-rfr5,Variant1
ihxs-cn40,Variant0
a1v9-e71r,Variant0
a1gt-g0mj,Variant0
kcdg-czbo,Variant1
wq69-iohx,Variant0
n9hc-fqxs,Variant1
c6b0-mhdb,Variant1
gn09-1gmc,Variant1
t7hj-g1ah,Variant0
htxd-2mzv,Variant1
kcdg-rol5,Variant2
pxfv-x25f,Variant1
d371-yjb2,Variant2
kcdg-2lou,Variant2
of4n-z5e1,Variant2
kns3-3mf3,Variant1
wved-dpj1,Variant1
z7n9-qe6f,Variant1
htxd-kbne,Variant2
hdhg-cp2k,Variant1
hdhg-jt6c,Variant1
nyx0-vtir,Variant1
auk3-gqgd,Variant2
a1gt-0pvn,Variant0
wq69-e7hm,Variant1
hq8q-t6x7,Variant2
tmuj-vac5,Variant1
ynlx-2zvb,Variant2
ot24-79fc,Variant2
ynlx-f04f,Variant1
qze4-2ler,Variant1
a12d-s16t,Variant2
ipvm-2e8g,Variant2
tmuj-qjgc,Variant0
ughe-0ak9,Variant0
iin9-2zju,Variant0
iin9-1tsr,Variant0
fjhs-rpyn,Variant0
yydc-afur,Variant0
qze4-11wx,Variant2
pysg-xm84,Variant0
a12d-oo1a,Variant0
a12d-0rr4,Variant0
a12d-7irv,Variant0
kcdg-ohrd,Variant0
db6d-ad6o,Variant0
ynlx-ykiv,Variant0
ihxs-0cjd,Variant2
b1sc-daq4,Variant0
a12d-r3rn,Variant2
ipvm-ekth,Variant2
nyx0-4bwe,Variant2
l34y-xhr1,Variant0
hq8q-4u07,Variant0
nyx0-efv9,Variant0
ipvm-s2h9,Variant0
wq69-o78z,Variant2
t7hj-j5sk,Variant2
syxn-nlj7,Variant2
yydc-li6f,Variant0
civ5-fa52,Variant1
hhzb-s0ue,Variant1
txri-nenu,Variant1
t7hj-h7fl,Variant1
htxd-wqw3,Variant1
x9g2-0g9k,Variant0
t7hj-8xr5,Variant1
tmuj-yzlc,Variant1
vnwq-ye4s,Variant1
a1gt-0lng,Variant1
ot24-4sek,Variant1
a1gt-jyxn,Variant1
tmuj-6qnk,Variant1
a1gt-bmij,Variant1
u443-rn1t,Variant2
ughe-0gui,Variant1
hvsc-e4vr,Variant0
c6b0-vxla,Variant2
x9g2-pa0g,Variant0
fjhs-3cbc,Variant0
hvsc-covr,Variant0
nyx0-wgoy,Variant0
fjhs-hxc8,Variant0
ihxs-3zb1,Variant0
ot24-iw7u,Variant0
t7hj-1j7j,Variant2
a12d-ma5l,Variant0
fjhs-nzjw,Variant2
ipvm-flbc,Variant2
wq69-aym8,Variant0
hd2f-c95a,Variant0
m261-kbi2,Variant0
nyx0-4r5g,Variant0
wq69-5qim,Variant0
kcdg-gqbb,Variant0
tmuj-lt6q,Variant0
kcdg-lo4c,Variant0
tmuj-s4s8,Variant0
fjhs-jx6x,Variant2
ipvm-vkef,Variant2
r4bk-s2ai,Variant2
htxd-kz2b,Variant2
htxd-5u5d,Variant2
htxd-84ns,Variant1
t7hj-4wms,Variant2
m29p-6qik,Variant2
of4n-f2v6,Variant2
ihxs-mbhw,Variant2
orc8-64rg,Variant2
t7hj-8k23,Variant2
a1gt-lj26,Variant2
tmuj-nziw,Variant2
c6b0-t258,Variant1
q0qp-ls98,Variant1
kcdg-w6wz,Variant1
c6b0-zcyx,Variant1
tmuj-pdrl,Variant0
ot24-b49o,Variant1
d371-u1u2,Variant0
iin9-j2o7,Variant0
njcj-pd97,Variant1
t7hj-u1ob,Variant1
ou1n-3tw1,Variant1
ipvm-ay2g,Variant1
ipvm-rfnq,Variant1
pwda-bj10,Variant0
j80i-txok,Variant1
nyx0-drj6,Variant1
iin9-4zx9,Variant1
nyx0-4qj8,Variant0
kcdg-zwoi,Variant2
tmuj-l8tx,Variant1
n2v9-wv4b,Variant0
ipvm-tuo5,Variant0
hvsc-0uyi,Variant2
jx3h-771p,Variant2
yiiv-4ptr,Variant2
wi9p-ry09,Variant0
nyx0-91le,Variant2
pwda-s3wz,Variant1
pxfv-lmbb,Variant0
qore-o9gk,Variant0
kns3-obk4,Variant0
k2b4-y0p3,Variant1
n9hc-vg0u,Variant1
ipvm-2muj,Variant1
kcdg-f6gv,Variant1
n9hc-7hmh,Variant1
n9hc-s3m5,Variant2
z7n9-52ue,Variant2
q0qp-x4p2,Variant2
t7hj-j2ud,Variant0
t7hj-4oy1,Variant0
t7hj-uh28,Variant0
wpf8-m1xq,Variant1
of4n-dmjl,Variant0
a1gt-5bmf,Variant0
nyx0-5gtl,Variant1
bx1o-8uef,Variant0
nyx0-o4gq,Variant0
ipvm-hbi4,Variant1
zwn2-mzmz,Variant1
ipvm-me34,Variant1
ipvm-gwtq,Variant1
nyx0-ycn8,Variant0
nyx0-2x3x,Variant1
iin9-fnwd,Variant1
iin9-ypp6,Variant1
wq69-upu3,Variant1
ipvm-fg4g,Variant1
ou1n-nc5c,Variant1
n9hc-8tuz,Variant1
syxn-a64w,Variant0
ynlx-qq8x,Variant2
pwda-qxgp,Variant2
e6jj-a96m,Variant2
auk3-qqu3,Variant2
oluq-rhug,Variant2
kcdg-loxz,Variant2
ljqq-f4sb,Variant2
iin9-ajwq,Variant2
mo2h-lget,Variant0
fjhs-gyes,Variant2
iin9-8rsg,Variant2
a1gt-2jm9,Variant2
wpf8-omow,Variant2
gn09-555z,Variant1
a1v9-yxha,Variant2
iin9-9pdh,Variant2
gn09-xxwg,Variant1
pysg-aqis,Variant0
n2v9-szan,Variant0
nboq-8z3d,Variant0
t7hj-plyz,Variant2
or34-8j5k,Variant2
kns3-o8rk,Variant1
bx1o-9d5j,Variant1
ww1q-8sda,Variant1
prfu-mkgk,Variant1
vnwq-9hta,Variant1
vaqu-4857,Variant2
hq8q-va2x,Variant2
wpf8-n5bs,Variant2
ipvm-9r51,Variant2
ynlx-v0z9,Variant2
ipvm-omow,Variant2
a12d-j6xq,Variant2
hd2f-8el1,Variant2
iin9-anum,Variant2
ot24-c40x,Variant0
gn09-q1lf,Variant0
pxfv-orch,Variant0
pxfv-73uo,Variant0
iin9-nkya,Variant0
ipvm-fcxi,Variant0
a1gt-0ct7,Variant0
b1sc-zbpv,Variant0
ot24-lr6j,Variant0
a1gt-ztjx,Variant0
nboq-r5uf,Variant2
syxn-hd89,Variant2
k4xr-6ay1,Variant2
gn09-b28h,Variant2
kcdg-2gwh,Variant2
tmuj-e1lb,Variant2
a1gt-ies4,Variant2
ynlx-2wzd,Variant2
a1gt-8ocv,Variant2
pysg-8446,Variant2
yiiv-1osh,Variant2
pwda-ojpv,Variant2
auk3-yta3,Variant0
t7hj-ee5t,Variant0
t7hj-82vg,Variant0
kns3-v2ng,Variant1
z7n9-w8ys,Variant1
z7n9-h000,Variant1
htxd-4j2f,Variant1
tmuj-3c06,Variant0
i2my-ooqz,Variant2
ljqq-2myw,Variant2
fjhs-mx0p,Variant0
pysg-64w6,Variant2
ljqq-7hx3,Variant2
ipvm-winp,Variant2
q0qp-w6gk,Variant2
qze4-mv3u,Variant2
m261-vwlf,Variant2
t7hj-w1os,Variant0
tr9i-ogni,Variant0
n9hc-9jse,Variant0
ipvm-w45r,Variant0
qze4-ytn0,Variant0
pxfv-gzhx,Variant0
a12d-rlcz,Variant0
ynlx-cvk2,Variant2
qore-mgyi,Variant2
n2v9-aqy0,Variant0
nyds-bmmg,Variant0
pxfv-ov17,Variant1
n2v9-4wie,Variant1
tr9i-wcy6,Variant1
ipvm-bzbq,Variant1
t7hj-6tlv,Variant1
n9hc-hi58,Variant1
tmuj-03tl,Variant1
tr9i-563w,Variant0
wpf8-peo7,Variant0
u4kq-v8nj,Variant2
ou1n-pa7q,Variant2
pwda-07ro,Variant1
tr9i-3dcu,Variant0
tr9i-5p86,Variant0
pxfv-pdl2,Variant0
sak8-qmb6,Variant0
fjhs-rtyc,Variant0
fjhs-0c5u,Variant0
qze4-zeyt,Variant2
pxfv-j3wv,Variant0
gn09-fl0r,Variant1
pxfv-lj7z,Variant2
d371-jler,Variant1
iin9-h28o,Variant2
n9hc-8xnl,Variant1
t7hj-uwi1,Variant2
q0qp-7rip,Variant1
l34y-dwob,Variant1
jaa2-m885,Variant1
qp0h-yz1m,Variant1
l34y-jggt,Variant0
tmuj-55wl,Variant0
ou1n-f9u6,Variant1
a1gt-f6m4,Variant0
d371-3lm3,Variant0
ipvm-iy5x,Variant1
n9hc-mfqz,Variant1
wpf8-vhts,Variant1
tmuj-wge7,Variant2
tmuj-i7q1,Variant2
y1q5-fs37,Variant2
u443-x07a,Variant2
qze4-mcke,Variant2
tr9i-dfja,Variant0
ou1n-outn,Variant0
fjhs-18a8,Variant0
u443-fo1v,Variant2
qp0h-pmwv,Variant0
hq8q-ib22,Variant0
pxfv-b6dz,Variant0
t7hj-5gsx,Variant2
auk3-xrum,Variant1
fjhs-ziif,Variant2
tmuj-0e06,Variant1
gn09-31qp,Variant1
pxfv-x08b,Variant2
qcl2-9qeb,Variant1
vaqu-vunz,Variant1
tmuj-bzm4,Variant0
ynlx-d5r3,Variant0
wpf8-j7px,Variant0
iin9-t6l4,Variant0
qze4-jq6t,Variant2
db6d-cspa,Variant0
rt5l-nrhf,Variant0
gn09-dnzc,Variant2
nyx0-w940,Variant0
pwda-hbam,Variant0
n2v9-rxxp,Variant2
fjhs-zane,Variant1
htxd-9kxx,Variant1
ynlx-gihh,Variant2
hhzb-8cqo,Variant2
htxd-ehco,Variant1
t7hj-hyia,Variant2
htxd-awaq,Variant1
htxd-nmq8,Variant1
l34y-uox3,Variant2
a1gt-4v2u,Variant2
db6d-cnnt,Variant2
ynlx-y96w,Variant0
vaqu-puvn,Variant0
tr9i-zxob,Variant1
vaqu-3z7b,Variant0
tr9i-lach,Variant1
tr9i-x21h,Variant1
wq69-qwwz,Variant0
a12d-k3ui,Variant0
b1sc-lr07,Variant0
m261-ncg6,Variant0
ot24-0jnh,Variant0
htxd-t34h,Variant1
aet4-9e4q,Variant1
dm3y-a0p3,Variant0
qze4-9d58,Variant1
ipvm-o2an,Variant0
vaqu-vh1i,Variant1
wq69-2l68,Variant0
tr9i-q7vo,Variant0
ynlx-2az3,Variant1
jexx-vvvf,Variant0
syxn-21vz,Variant2
u443-t02r,Variant2
vaqu-ait2,Variant0
iin9-5cwc,Variant2
nyx0-zgfb,Variant2
ipvm-v732,Variant2
nyx0-n2z3,Variant2
ipvm-cllv,Variant0
t7hj-t4br,Variant1
htxd-kdl8,Variant1
t7hj-l3sd,Variant1
htxd-q0gm,Variant1
htxd-pizz,Variant0
hdhg-lt13,Variant2
hdhg-e1ct,Variant2
c6b0-2119,Variant0
ecd9-6zs6,Variant2
ot24-iwjj,Variant2
l34y-5y69,Variant0
htxd-rpw7,Variant0
gw8s-1e8x,Variant2
k2b4-187e,Variant0
tmuj-9llm,Variant0
nyx0-wjhx,Variant0
w5wu-vtnk,Variant0
hq8q-gwaz,Variant0
pwda-jtj1,Variant0
slmq-1dyb,Variant0
pysg-cxpx,Variant0
ipvm-gpj1,Variant1
ynlx-ptem,Variant1
ihxs-llxg,Variant1
fjhs-ulim,Variant1
iin9-jikk,Variant1
ot24-7761,Variant1
a12d-wf6b,Variant1
hq8q-rt4r,Variant1
t7hj-qvdk,Variant1
of4n-9nzr,Variant1
a12d-mlng,Variant1
tr9i-ziip,Variant1
ot24-jg0v,Variant1
a12d-w2fw,Variant1
hq8q-yats,Variant2
ynlx-ovcs,Variant2
fi5m-f4yx,Variant2
b1sc-7jti,Variant2
ihxs-bsvf,Variant2
fjhs-t1af,Variant2
oluq-41fy,Variant2
auk3-ve2v,Variant2
ipvm-8fwx,Variant0
ipvm-ax4c,Variant0
ipvm-4sik,Variant0
ihxs-tl8g,Variant0
iin9-7fyx,Variant0
orc8-kfco,Variant0
orc8-r4rb,Variant0
ecd9-f249,Variant1
tr9i-p6ki,Variant0
kcdg-0wp6,Variant0
u443-9vob,Variant0
fjhs-lp89,Variant0
tr9i-7mry,Variant0
fjhs-unid,Variant0
a1gt-l4rf,Variant0
iin9-xyt3,Variant1
kcdg-acuw,Variant1
ipvm-9bc7,Variant1
qze4-xjjg,Variant1
hhzb-ikj1,Variant1
hhzb-b3vf,Variant1
htxd-ru2s,Variant1
l34y-nbna,Variant2
jaa2-rrma,Variant2
prfu-psyn,Variant0
nods-o9gv,Variant0
nyx0-ivqg,Variant0
nyx0-zi7w,Variant0
yiiv-tt70,Variant2
qze4-17dh,Variant0
ot24-2syk,Variant2
iin9-rv8t,Variant2
zwn2-lmgi,Variant2
d371-jchd,Variant1
tmuj-4m37,Variant2
tr9i-ymym,Variant1
q0qp-u0mo,Variant1
tr9i-kb3a,Variant1
bx1o-ltp9,Variant1
ou1n-9xmk,Variant1
hv57-r5y3,Variant0
xl3i-69mo,Variant0
kcdg-0z6m,Variant2
fubs-ftsf,Variant1
a1gt-jga8,Variant0
yiiv-fapj,Variant2
ihxs-akej,Variant0
ynlx-ygnm,Variant2
d371-flmd,Variant0
hq8q-6fvk,Variant1
yiiv-k9ai,Variant2
a12d-ba8k,Variant1
qze4-q2qg,Variant2
iin9-8c0z,Variant1
tr9i-815y,Variant1
n2v9-ojyp,Variant1
pxfv-yh82,Variant1
n9hc-2hkl,Variant1
tr9i-b49q,Variant1
f7gi-h879,Variant2
wq69-8twn,Variant1
ipvm-qp80,Variant1
pxfv-ub5c,Variant0
kns3-ku4x,Variant0
sitw-td2r,Variant0
ipvm-fqm7,Variant0
u4kq-f27v,Variant0
of4n-dlge,Variant0
kns3-f93y,Variant0
z7n9-kukc,Variant0
n9hc-0zqy,Variant0
htxd-6uss,Variant2
ilz8-fsmo,Variant2
kns3-n109,Variant2
kns3-xmxq,Variant2
t7hj-73jf,Variant1
z7n9-1oge,Variant1
hdhg-eapk,Variant0
vnwq-a3tn,Variant0
z7n9-otx3,Variant1
kns3-ovgs,Variant1
m494-p6a2,Variant1
d371-m64h,Variant1
qze4-bk9i,Variant0
zwn2-sr12,Variant0
wpf8-jmst,Variant0
ynlx-n72d,Variant0
l4v3-mrss,Variant0
ihxs-0c3z,Variant0
t7hj-yq7o,Variant0
ipvm-ezzx,Variant0
hq8q-n4i2,Variant0
t7hj-fcn2,Variant0
ipvm-q0tn,Variant0
iin9-9opp,Variant0
gn09-knu6,Variant0
ou1n-gda5,Variant0
ipvm-cpcx,Variant2
ipvm-8pzf,Variant2
xpzw-evx8,Variant2
tcsd-pr4w,Variant2
tr9i-osa3,Variant2
fjhs-ep2x,Variant0
pxfv-b2dc,Variant0
wpf8-by3e,Variant0
a12d-4axi,Variant0
pwda-z5kv,Variant2
n9hc-7ftm,Variant0
iin9-7xnm,Variant0
qze4-6jdc,Variant0
vcpf-qjj0,Variant0
ynlx-fngs,Variant0
iin9-3ui1,Variant0
l34y-neue,Variant0
nyx0-6if4,Variant0
d371-eto6,Variant0
ipvm-pzur,Variant1
n2v9-wq2y,Variant1
ipvm-gb82,Variant1
ynlx-bke8,Variant1
z7n9-8q8w,Variant1
of4n-vsq3,Variant1
z7n9-io3j,Variant1
htxd-rczw,Variant2
z7n9-lnhp,Variant2
q0qp-5ohu,Variant2
z7n9-0f8x,Variant1
hdhg-2181,Variant2
ipvm-9wbh,Variant0
yiiv-888o,Variant2
pysg-mzdx,Variant0
wi9p-oimh,Variant2
iin9-6k22,Variant0
ipvm-p4oo,Variant0
qze4-qkre,Variant2
iin9-muhk,Variant0
yiiv-281g,Variant2
hq8q-62gz,Variant0
a12d-fvqs,Variant0
kcdg-751u,Variant0
tmuj-1wv9,Variant1
kns3-6sl1,Variant1
gn09-zlwl,Variant0
nyx0-gcd2,Variant1
a12d-ooua,Variant1
tmuj-b16l,Variant1
ipvm-gafe,Variant2
mo2h-o457,Variant2
tmuj-q9mv,Variant2
ynlx-dmbc,Variant2
ipvm-awmo,Variant2
pxfv-j8cx,Variant2
rt5l-ao5n,Variant1
n9hc-ipd7,Variant1
ipvm-csca,Variant2
pxfv-l5g2,Variant2
ipvm-6lqu,Variant2
wpf8-8t1r,Variant2
a12d-83sw,Variant2
db6d-9ej9,Variant2
a1v9-mgyz,Variant2
n9hc-4k2n,Variant2
fjhs-tf02,Variant2
ihxs-50pn,Variant2
nyx0-2pfv,Variant2
iin9-zhom,Variant2
wpf8-42gh,Variant2
nyx0-59cd,Variant2
pxfv-2tep,Variant2
gn09-rjc6,Variant1
ewma-urkj,Variant1
pxfv-wybw,Variant2
k2b4-r9c8,Variant1
n9hc-zlrd,Variant2
ipvm-fmj3,Variant2
iin9-1gm3,Variant2
wq69-kb7j,Variant2
iin9-4t3s,Variant2
ipvm-z0fh,Variant1
ipvm-2ncb,Variant1
kns3-0d16,Variant1
n2v9-basi,Variant1
htxd-5qi5,Variant0
z7n9-icn1,Variant1
htxd-2sgh,Variant1
t7hj-aciv,Variant0
n9hc-fryr,Variant2
syxn-drvp,Variant2
kns3-jwrv,Variant0
kns3-whqa,Variant0
bx1o-ran6,Variant1
q0qp-a3ud,Variant0
jaa2-xg2t,Variant2
of4n-bknh,Variant0
ou1n-f52w,Variant2
bx1o-ye38,Variant0
ipvm-gulx,Variant2
tr9i-dzs7,Variant2
ipvm-0ifo,Variant2
hq8q-x2ql,Variant1
ynlx-q9mj,Variant1
d371-qwsv,Variant1
fjhs-lqyg,Variant1
c6b0-uile,Variant0
ipvm-cvj5,Variant1
ipvm-o9oh,Variant1
tmuj-19l9,Variant0
cgc2-yi7l,Variant1
tmuj-39lh,Variant0
qore-rms8,Variant0
ou5i-hvj1,Variant0
qze4-a9q5,Variant2
ipvm-jn6v,Variant0
cgc2-80s4,Variant0
iin9-qgyp,Variant2
tr9i-417p,Variant2
pysg-hyte,Variant1
gn09-7s1y,Variant0
sak8-e9ux,Variant2
db6d-16h4,Variant2
civ5-2156,Variant0
kcdg-qu20,Variant2
pxfv-5d2j,Variant2
civ5-oao8,Variant0
yiiv-a85i,Variant0
qze4-i4e1,Variant0
qze4-5f8s,Variant0
iin9-0lv2,Variant2
tr9i-4mel,Variant2
wq69-ik49,Variant2
qze4-gz2u,Variant0
iin9-zocj,Variant2
qze4-md7h,Variant1
ipvm-4kcc,Variant1
iin9-z4j2,Variant1
kcdg-c698,Variant1
q0qp-rrbe,Variant1
nly5-8xx7,Variant2
n9hc-6eej,Variant0
nly5-3psx,Variant2
z7n9-e7k6,Variant0
nly5-hrlc,Variant0
f7gi-5j64,Variant0
ww1q-q667,Variant1
auk3-tuwo,Variant1
c6b0-ta1u,Variant1
nly5-dei2,Variant1
fi5m-hk5e,Variant1
prfu-dvw0,Variant2
auk3-sc01,Variant1
ipvm-eqvq,Variant2
tr9i-yr8k,Variant2
ipvm-yvdf,Variant2
y1q5-6tjd,Variant1
fjhs-7nmk,Variant1
ihxs-w277,Variant1
wq69-fppx,Variant0
t7hj-y11q,Variant2
oluq-2l2j,Variant2
a1v9-e2iz,Variant0
gn09-l4od,Variant2
htxd-3m8z,Variant2
a12d-d16c,Variant0
hq8q-2lnu,Variant0
qze4-rkfm,Variant1
iin9-b1zc,Variant2
d371-ct3d,Variant1
wpf8-ixq2,Variant2
gn09-lqw4,Variant1
n9hc-xcdr,Variant2
nyx0-4f2b,Variant2
pxfv-3b5g,Variant2
a1v9-6qlo,Variant2
gn09-pax9,Variant1
kns3-kpz8,Variant2
nly5-xf0v,Variant2
htxd-ob5s,Variant2
hvsc-zgv0,Variant1
bx1o-2v53,Variant1
vcpf-9doc,Variant1
wpf8-fvv5,Variant1
hq8q-9dig,Variant0
l34y-3gbm,Variant1
l34y-rwoc,Variant0
auk3-9pxt,Variant1
f7gi-kg8w,Variant1
ipvm-rpfr,Variant0
hvsc-aphz,Variant0
iin9-lxjz,Variant0
tr9i-wpjg,Variant0
mo2h-ex2m,Variant0
iin9-r3ui,Variant1
gn09-pdc1,Variant2
wq69-5frv,Variant2
tr9i-x580,Variant2
wq69-evt1,Variant2
qze4-of3l,Variant2
ipvm-xaq9,Variant2
yiiv-k2jk,Variant2
gn09-quec,Variant1
auk3-9uha,Variant0
yiiv-g67m,Variant1
tr9i-rxq9,Variant1
vcpf-u8zi,Variant1
ot24-w4mk,Variant1
a1gt-3pvn,Variant1
n2v9-bqbk,Variant1
qze4-u8q5,Variant1
c6b0-2jv1,Variant1
t7hj-bguq,Variant0
hvsc-r9pc,Variant2
orc8-ts53,Variant2
lz4w-a3yf,Variant2
iin9-lhpe,Variant2
mo2h-236f,Variant1
tr9i-gqyu,Variant2
a12d-cq1p,Variant2
fjhs-iarr,Variant2
ipvm-cgv7,Variant2
prfu-iuo5,Variant2
ou1n-mfc2,Variant2
pwda-ktod,Variant2
qore-mr2k,Variant0
htxd-k4et,Variant0
wi9p-bzqg,Variant0
j80i-f8tc,Variant0
a1v9-d9fg,Variant2
kcdg-4c88,Variant2
ipvm-eqez,Variant0
ynlx-d96s,Variant2
vcpf-cgas,Variant2
ecd9-2n19,Variant0
wpf8-1j1t,Variant2
vcpf-lbia,Variant2
a1gt-4d1x,Variant2
wpf8-79vn,Variant2
gn09-klup,Variant0
sak8-sjy8,Variant2
nyx0-f1a8,Variant0
c6b0-5jsr,Variant2
qze4-709s,Variant0
ynlx-ygh7,Variant0
d371-whjl,Variant0
yiiv-rxra,Variant2
d371-jky9,Variant0
vcpf-71mm,Variant2
qze4-w0g6,Variant0
ynlx-o8hy,Variant2
qze4-wzhn,Variant0
qze4-ea6z,Variant1
htxd-c0yv,Variant1
dipl-9aw0,Variant1
tr9i-liic,Variant0
n9hc-2rvp,Variant1
n9hc-w1wm,Variant1
t7hj-lhae,Variant1
n9hc-rx1p,Variant1
htxd-idpl,Variant2
syxn-xa3k,Variant2
z7n9-97te,Variant1
gn09-7o8f,Variant0
tmuj-cmst,Variant0
xbm9-4wsq,Variant0
nyx0-e990,Variant0
jaa2-vtxg,Variant1
nyx0-jjw7,Variant0
n9hc-mhdw,Variant1
fi5m-4cnc,Variant1
pwda-su2k,Variant0
ou1n-1kjx,Variant1
prfu-6t8w,Variant0
auk3-9z6u,Variant2
ynlx-hj98,Variant2
tmuj-ptg2,Variant2
auk3-zf7u,Variant2
ou1n-edb2,Variant2
ipvm-6k4j,Variant2
ww1q-didf,Variant2
iin9-bcta,Variant2
iin9-ocnc,Variant2
gn09-99ss,Variant2
nyx0-se8l,Variant2
tr9i-syvu,Variant2
sak8-1bno,Variant2
hd2f-w1nw,Variant1
pysg-t0zs,Variant0
ipvm-2b5v,Variant0
n9hc-125k,Variant1
ipvm-4zlw,Variant0
sak8-uwss,Variant0
qze4-tl24,Variant1
tmuj-5fem,Variant1
qr0k-lsbl,Variant0
tmuj-vdfx,Variant1
a12d-l277,Variant1
tr9i-dtip,Variant0
u4kq-8gww,Variant0
lz4w-6ih6,Variant0
iin9-lgu3,Variant0
vaqu-f6s8,Variant1
sitw-j0z8,Variant1
nyx0-wvaj,Variant0
gn09-o1ff,Variant1
tr9i-bvk3,Variant0
gn09-cm77,Variant1
pxfv-ulv6,Variant0
fjhs-lzvt,Variant0
a1gt-9q49,Variant0
iin9-g5qa,Variant0
htxd-l0jl,Variant0
a12d-9fn0,Variant1
vcpf-yir4,Variant0
a12d-eade,Variant1
prfu-qqqx,Variant0
gn09-03y4,Variant1
fjhs-xhzi,Variant0
gn09-0q9s,Variant2
orc8-cooj,Variant1
pxfv-s685,Variant1
gn09-3dl8,Variant2
n2v9-e1u4,Variant1
n2v9-i4vs,Variant1
t7hj-di1z,Variant1
fjhs-ycja,Variant0
jeka-aznf,Variant1
tmuj-qna6,Variant1
of4n-4p34,Variant0
x9g2-pp02,Variant0
l34y-i8v1,Variant0
htxd-576n,Variant0
pwda-v2yr,Variant2
iin9-28t2,Variant0
a1gt-2dt0,Variant0
hq8q-6wfo,Variant0
ljqq-28ea,Variant1
a4f5-gv9h,Variant2
ot24-yj7e,Variant1
tmuj-wkwq,Variant1
a12d-j8hb,Variant2
tr9i-3e74,Variant2
orc8-erqx,Variant2
ynlx-33zl,Variant1
qore-50xr,Variant0
u443-3cxa,Variant1
ot24-378s,Variant1
wq69-694r,Variant1
m261-qvou,Variant1
qze4-2pw9,Variant0
qze4-b97z,Variant0
qze4-6ig0,Variant0
mo2h-37sg,Variant1
iin9-5jus,Variant0
iin9-f691,Variant0
a1gt-88kj,Variant0
